{"cameraMode":{"drawMode":0,"name":"Shaded","section":"Shading Mode"},"sceneLighting":false,"audioPlay":false,"sceneViewState":{"showFog":true,"showMaterialUpdate":false,"showSkybox":false,"showFlares":true,"showImageEffects":true,"showParticleSystems":true,"showVisualEffectGraphs":true,"m_FxEnabled":true},"in2DMode":false,"pivot":{"x":-21.18000030517578,"y":0.9490000009536743,"z":-8.84000015258789},"rotation":{"x":-0.030302900820970537,"y":0.011091794818639756,"z":-0.00033643527422100306,"w":-0.9994797110557556},"size":1.0266940593719483,"orthographic":false}