{"cameraMode":{"drawMode":0,"name":"Shaded","section":"Shading Mode"},"sceneLighting":false,"audioPlay":false,"sceneViewState":{"showFog":true,"showMaterialUpdate":false,"showSkybox":false,"showFlares":true,"showImageEffects":true,"showParticleSystems":true,"showVisualEffectGraphs":true,"m_FxEnabled":true},"in2DMode":false,"pivot":{"x":864.9983520507813,"y":646.0564575195313,"z":-2.5826263427734377},"rotation":{"x":0.11850028485059738,"y":-0.022343868389725686,"z":0.002667241496965289,"w":0.9926990866661072},"size":223.69570922851563,"orthographic":false}