{"cameraMode":{"drawMode":0,"name":"Shaded","section":"Shading Mode"},"sceneLighting":false,"audioPlay":false,"sceneViewState":{"showFog":true,"showMaterialUpdate":false,"showSkybox":false,"showFlares":true,"showImageEffects":true,"showParticleSystems":true,"showVisualEffectGraphs":true,"m_FxEnabled":true},"in2DMode":false,"pivot":{"x":-15.787079811096192,"y":0.9329999685287476,"z":-6.230000019073486},"rotation":{"x":-0.030302900820970537,"y":0.011091794818639756,"z":-0.00033643527422100306,"w":-0.9994797110557556},"size":0.9531556963920593,"orthographic":false}