{"cameraMode":{"drawMode":0,"name":"Shaded","section":"Shading Mode"},"sceneLighting":false,"audioPlay":false,"sceneViewState":{"showFog":true,"showMaterialUpdate":false,"showSkybox":false,"showFlares":true,"showImageEffects":true,"showParticleSystems":true,"showVisualEffectGraphs":true,"m_FxEnabled":true},"in2DMode":false,"pivot":{"x":1402.9232177734375,"y":275.3907470703125,"z":605.708251953125},"rotation":{"x":-0.014688807539641858,"y":-0.012002958916127682,"z":-0.00017628206114750355,"w":0.9998200535774231},"size":570.7096557617188,"orthographic":false}